{"cameraMode":{"drawMode":0,"name":"Shaded","section":"Shading Mode"},"sceneLighting":false,"audioPlay":false,"sceneViewState":{"m_AlwaysRefresh":false,"showFog":true,"showSkybox":false,"showFlares":true,"showImageEffects":true,"showParticleSystems":true,"showVisualEffectGraphs":true,"m_FxEnabled":true},"in2DMode":false,"pivot":{"x":0.2505645751953125,"y":1.4987646341323853,"z":-0.4737224578857422},"rotation":{"x":-0.006827055476605892,"y":0.848412036895752,"z":-0.010943051427602768,"w":-0.529201865196228},"size":3.1458048820495607,"orthographic":false}