{"cameraMode":{"drawMode":0,"name":"Shaded","section":"Shading Mode"},"sceneLighting":false,"audioPlay":false,"sceneViewState":{"m_AlwaysRefresh":false,"showFog":true,"showSkybox":false,"showFlares":true,"showImageEffects":true,"showParticleSystems":true,"showVisualEffectGraphs":true,"m_FxEnabled":true},"in2DMode":false,"pivot":{"x":42.62101364135742,"y":19.80389404296875,"z":-0.47768065333366396},"rotation":{"x":0.20445996522903443,"y":-0.5516723394393921,"z":0.14169029891490937,"w":0.7960888743400574},"size":3.1403086185455324,"orthographic":true}