{"cameraMode":{"drawMode":0,"name":"Shaded","section":"Shading Mode"},"sceneLighting":true,"audioPlay":false,"sceneViewState":{"m_AlwaysRefresh":false,"showFog":true,"showSkybox":true,"showFlares":true,"showImageEffects":true,"showParticleSystems":true,"showVisualEffectGraphs":true,"m_FxEnabled":true},"in2DMode":false,"pivot":{"x":-4.266793727874756,"y":14.980854034423829,"z":210.64959716796876},"rotation":{"x":0.7071043252944946,"y":-0.001060658716596663,"z":0.0010606532450765372,"w":0.7071043848991394},"size":20.187944412231447,"orthographic":false}