{"cameraMode":{"drawMode":0,"name":"Shaded","section":"Shading Mode"},"sceneLighting":true,"audioPlay":false,"sceneViewState":{"m_AlwaysRefresh":false,"showFog":true,"showSkybox":true,"showFlares":true,"showImageEffects":true,"showParticleSystems":true,"showVisualEffectGraphs":true,"m_FxEnabled":true},"in2DMode":false,"pivot":{"x":-6.160011291503906,"y":2.076202630996704,"z":13.692004203796387},"rotation":{"x":-0.015025793574750424,"y":-0.9772818684577942,"z":0.19791428744792939,"w":-0.07431745529174805},"size":2.8846359252929689,"orthographic":false}