{"cameraMode":{"drawMode":0,"name":"Shaded","section":"Shading Mode"},"sceneLighting":false,"audioPlay":false,"sceneViewState":{"m_AlwaysRefresh":false,"showFog":true,"showSkybox":false,"showFlares":true,"showImageEffects":true,"showParticleSystems":true,"showVisualEffectGraphs":true,"m_FxEnabled":true},"in2DMode":false,"pivot":{"x":0.9516044855117798,"y":1.0295072793960572,"z":3.05851149559021},"rotation":{"x":-0.010220259428024292,"y":0.9856772422790527,"z":-0.1553376466035843,"w":-0.06485117971897125},"size":1.4970574378967286,"orthographic":false}