{"cameraMode":{"drawMode":0,"name":"Shaded","section":"Shading Mode"},"sceneLighting":false,"audioPlay":false,"sceneViewState":{"m_AlwaysRefresh":false,"showFog":true,"showSkybox":false,"showFlares":true,"showImageEffects":true,"showParticleSystems":true,"showVisualEffectGraphs":true,"m_FxEnabled":true},"in2DMode":false,"pivot":{"x":-2.180447578430176,"y":0.533520519733429,"z":-0.4126715660095215},"rotation":{"x":-0.02280714549124241,"y":0.005094202701002359,"z":-0.00011120747512904927,"w":-0.9997255206108093},"size":2.1541199684143068,"orthographic":false}